model,country,language,prompt_no,n_scored,SEM-B,SEM-W
gemma3-4b,Azerbaijan,Azerbaijani,inst-4,469,33.69,28.49
gemma3-4b,Azerbaijan,Azerbaijani,pers-3,469,25.16,21.06
gemma3-4b,Azerbaijan,English,inst-4,469,47.97,40.85
gemma3-4b,Azerbaijan,English,pers-3,469,43.5,35.74
gemma3-4b,Ethiopia,Amharic,inst-4,472,13.98,11.55
gemma3-4b,Ethiopia,Amharic,pers-3,472,14.83,12.65
gemma3-4b,Ethiopia,English,inst-4,472,32.84,28.29
gemma3-4b,Ethiopia,English,pers-3,472,28.39,23.86
gemma3-4b,South_Korea,English,inst-4,475,46.11,37.49
gemma3-4b,South_Korea,English,pers-3,475,41.26,33.06
gemma3-4b,South_Korea,Korean,inst-4,475,53.05,44.83
gemma3-4b,South_Korea,Korean,pers-3,475,55.58,47.61
gemma3-4b,Spain,English,inst-4,469,48.4,41.61
gemma3-4b,Spain,English,pers-3,469,33.9,28.71
gemma3-4b,Spain,Spanish,inst-4,469,60.13,51.0
gemma3-4b,Spain,Spanish,pers-3,469,57.57,49.34
gemma3-4b,US,English,inst-4,461,72.45,64.58
gemma3-4b,US,English,pers-3,461,71.8,62.57
mistral-7b,Azerbaijan,Azerbaijani,inst-4,469,26.87,22.22
mistral-7b,Azerbaijan,Azerbaijani,pers-3,469,28.57,23.8
mistral-7b,Azerbaijan,English,inst-4,469,61.41,53.43
mistral-7b,Azerbaijan,English,pers-3,469,58.21,50.71
mistral-7b,Ethiopia,Amharic,inst-4,472,4.45,3.73
mistral-7b,Ethiopia,Amharic,pers-3,472,2.97,2.49
mistral-7b,Ethiopia,English,inst-4,472,47.88,41.41
mistral-7b,Ethiopia,English,pers-3,472,44.7,37.93
mistral-7b,South_Korea,English,inst-4,475,62.53,51.38
mistral-7b,South_Korea,English,pers-3,475,58.74,47.71
mistral-7b,South_Korea,Korean,inst-4,475,44.42,37.21
mistral-7b,South_Korea,Korean,pers-3,475,51.37,42.3
mistral-7b,Spain,English,inst-4,469,65.46,57.99
mistral-7b,Spain,English,pers-3,469,65.67,56.97
mistral-7b,Spain,Spanish,inst-4,469,63.11,55.74
mistral-7b,Spain,Spanish,pers-3,469,59.49,50.73
mistral-7b,US,English,inst-4,461,84.82,78.12
mistral-7b,US,English,pers-3,461,85.03,76.87
qwen2.5-3b,Azerbaijan,Azerbaijani,inst-4,469,11.51,9.1
qwen2.5-3b,Azerbaijan,Azerbaijani,pers-3,469,15.78,12.71
qwen2.5-3b,Azerbaijan,English,inst-4,469,34.12,29.07
qwen2.5-3b,Azerbaijan,English,pers-3,469,40.09,34.16
qwen2.5-3b,Ethiopia,Amharic,inst-4,472,5.3,4.1
qwen2.5-3b,Ethiopia,Amharic,pers-3,472,5.93,5.31
qwen2.5-3b,Ethiopia,English,inst-4,472,22.46,18.94
qwen2.5-3b,Ethiopia,English,pers-3,472,28.6,23.74
qwen2.5-3b,South_Korea,English,inst-4,475,38.53,30.64
qwen2.5-3b,South_Korea,English,pers-3,475,38.95,31.76
qwen2.5-3b,South_Korea,Korean,inst-4,475,40.0,32.4
qwen2.5-3b,South_Korea,Korean,pers-3,475,43.79,35.96
qwen2.5-3b,Spain,English,inst-4,469,44.56,38.82
qwen2.5-3b,Spain,English,pers-3,469,46.91,40.57
qwen2.5-3b,Spain,Spanish,inst-4,469,43.5,35.89
qwen2.5-3b,Spain,Spanish,pers-3,469,53.73,45.22
qwen2.5-3b,US,English,inst-4,461,63.56,54.26
qwen2.5-3b,US,English,pers-3,461,72.02,61.74
