model,country,language,baseline,rag,rag_v2,d_v1,d_v2
gemma3-4b,US,English,72.12,45.98,70.82,-26.14,-1.3
gemma3-4b,Spain,English,41.15,28.36,39.98,-12.79,-1.17
gemma3-4b,Spain,Spanish,58.85,33.05,53.42,-25.8,-5.44
gemma3-4b,South_Korea,English,43.68,30.0,39.79,-13.69,-3.9
gemma3-4b,South_Korea,Korean,54.32,40.32,48.42,-14.0,-5.89
gemma3-4b,Azerbaijan,Azerbaijani,29.42,20.47,56.08,-8.95,26.66
gemma3-4b,Azerbaijan,English,45.74,27.08,63.64,-18.65,17.91
gemma3-4b,Ethiopia,Amharic,14.4,16.42,40.67,2.02,26.27
gemma3-4b,Ethiopia,English,30.62,20.24,46.5,-10.38,15.89
mistral-7b,US,English,84.92,65.72,83.4,-19.2,-1.52
mistral-7b,Spain,English,65.56,46.16,58.53,-19.4,-7.03
mistral-7b,Spain,Spanish,61.3,44.78,55.97,-16.52,-5.33
mistral-7b,South_Korea,English,60.64,49.26,55.78,-11.38,-4.85
mistral-7b,South_Korea,Korean,47.9,42.42,45.47,-5.47,-2.42
mistral-7b,Azerbaijan,Azerbaijani,27.72,18.34,53.3,-9.38,25.58
mistral-7b,Azerbaijan,English,59.81,40.72,71.43,-19.08,11.62
mistral-7b,Ethiopia,Amharic,3.71,5.3,17.16,1.58,13.45
mistral-7b,Ethiopia,English,46.29,33.16,54.87,-13.14,8.58
qwen2.5-3b,US,English,67.79,48.7,65.4,-19.09,-2.39
qwen2.5-3b,Spain,English,45.74,28.36,34.86,-17.38,-10.88
qwen2.5-3b,Spain,Spanish,48.61,32.52,40.52,-16.1,-8.1
qwen2.5-3b,South_Korea,English,38.74,28.1,31.36,-10.64,-7.38
qwen2.5-3b,South_Korea,Korean,41.9,34.84,37.26,-7.05,-4.63
qwen2.5-3b,Azerbaijan,Azerbaijani,13.64,15.14,50.54,1.5,36.89
qwen2.5-3b,Azerbaijan,English,37.11,24.1,61.2,-13.01,24.09
qwen2.5-3b,Ethiopia,Amharic,5.62,15.26,26.16,9.64,20.55
qwen2.5-3b,Ethiopia,English,25.53,17.8,42.69,-7.74,17.16
